train_loss_step,epoch,step,train_loss_epoch
0.07015391439199448,0,9,
0.04720807075500488,0,19,
0.029941672459244728,0,29,
0.039818454533815384,0,39,
0.04184255748987198,0,49,
0.04378568381071091,0,59,
0.0383940264582634,0,69,
0.05863713100552559,0,79,
0.042007122188806534,0,89,
0.06629917770624161,0,99,
0.04737727716565132,0,109,
0.03953544422984123,0,119,
0.07683997601270676,0,129,
0.053018245846033096,0,139,
0.03989893198013306,0,149,
0.051100362092256546,0,159,
0.05353718623518944,0,169,
0.045398712158203125,0,179,
0.04697747901082039,0,189,
0.0738295316696167,0,199,
0.06355362385511398,0,209,
0.05551159009337425,0,219,
0.06122303009033203,0,229,
0.045507196336984634,0,239,
0.04040216654539108,0,249,
0.0329509973526001,0,259,
0.040317777544260025,0,269,
0.04940199851989746,0,279,
0.058593425899744034,0,289,
0.04503541439771652,0,299,
0.04663844406604767,0,309,
0.026923157274723053,0,319,
0.047964535653591156,0,329,
0.04000772535800934,0,339,
0.03844042122364044,0,349,
0.040268681943416595,0,359,
0.04517709091305733,0,369,
0.045714788138866425,0,379,
0.03722129762172699,0,389,
0.059489794075489044,0,399,
0.05291435495018959,0,409,
0.03840870410203934,0,419,
0.06955361366271973,0,429,
0.05265573039650917,0,439,
0.056958477944135666,0,449,
0.051938463002443314,0,459,
0.058509428054094315,0,469,
0.03601033613085747,0,479,
0.054722148925065994,0,489,
0.055209893733263016,0,499,
0.04625651612877846,0,509,
0.05135465785861015,0,519,
0.05765785649418831,0,529,
0.04330366849899292,0,539,
0.05207451060414314,0,549,
0.034593675285577774,0,559,
0.05950668081641197,0,569,
0.05228549987077713,0,579,
0.038410160690546036,0,589,
0.06863321363925934,0,599,
0.0583796426653862,0,609,
0.052568547427654266,0,619,
0.05558418110013008,0,629,
0.03214066103100777,0,639,
0.056389886885881424,0,649,
0.0486694797873497,0,659,
0.04532608017325401,0,669,
0.03467316925525665,0,679,
0.06243633106350899,0,689,
0.06720726937055588,0,699,
0.04310100898146629,0,709,
0.04705426096916199,0,719,
0.0456019751727581,0,729,
0.05413248762488365,0,739,
0.04688875749707222,0,749,
0.06653247028589249,0,759,
0.0426640510559082,0,769,
0.06761477887630463,0,779,
0.04865335300564766,0,789,
0.07352948188781738,0,799,
0.048041123896837234,0,809,
0.05284077674150467,0,819,
0.04157555103302002,0,829,
0.06286720186471939,0,839,
0.039745014160871506,0,849,
0.045809295028448105,0,859,
0.06539024412631989,0,869,
0.06224776804447174,0,879,
0.05637657642364502,0,889,
0.03822799026966095,0,899,
0.05684235319495201,0,909,
0.044371526688337326,0,919,
0.0415649339556694,0,929,
0.05429419130086899,0,939,
0.0393572673201561,0,949,
0.04252856597304344,0,959,
0.04680529609322548,0,969,
0.07355325669050217,0,979,
0.04033314064145088,0,989,
0.048474352806806564,0,999,
0.04736829176545143,0,1009,
0.0452723354101181,0,1019,
0.054589830338954926,0,1029,
0.06643509864807129,0,1039,
0.04854953661561012,0,1049,
0.05802038684487343,0,1059,
0.035102326422929764,0,1069,
0.061825528740882874,0,1079,
0.049798011779785156,0,1089,
0.04195961728692055,0,1099,
0.03300529718399048,0,1109,
0.057722289115190506,0,1119,
0.04667060822248459,0,1129,
0.05971124395728111,0,1139,
0.049390487372875214,0,1149,
0.04980666935443878,0,1159,
0.05631019175052643,0,1169,
0.056151729077100754,0,1179,
0.055261287838220596,0,1189,
0.07433059066534042,0,1199,
0.05179291591048241,0,1209,
0.05216865986585617,0,1219,
0.04091117903590202,0,1229,
0.04611460492014885,0,1239,
0.06054586172103882,0,1249,
0.03350012004375458,0,1259,
0.0413411408662796,0,1269,
0.04619552195072174,0,1279,
0.0414840467274189,0,1289,
0.045420218259096146,0,1299,
0.06230161711573601,0,1309,
0.04365574195981026,0,1319,
0.03940882161259651,0,1329,
0.05781760439276695,0,1339,
0.059749167412519455,0,1349,
0.04913811758160591,0,1359,
0.045045722275972366,0,1369,
0.05166030675172806,0,1379,
0.08661340177059174,0,1389,
0.05044123902916908,0,1399,
0.08315441012382507,0,1409,
0.03035886026918888,0,1419,
0.0531330481171608,0,1429,
0.05186941847205162,0,1439,
0.05253630876541138,0,1449,
0.04000621661543846,0,1459,
0.0598282553255558,0,1469,
0.03801631182432175,0,1479,
0.05191396549344063,0,1489,
0.054614342749118805,0,1499,
0.03585756942629814,0,1509,
0.05897724628448486,0,1519,
0.0592709518969059,0,1529,
0.04064737632870674,0,1539,
0.057782310992479324,0,1549,
0.04098014160990715,0,1559,
0.04593881592154503,0,1569,
0.035725850611925125,0,1579,
0.033493366092443466,0,1589,
0.041690561920404434,0,1599,
0.05236686021089554,0,1609,
0.049317482858896255,0,1619,
0.05231421813368797,0,1629,
0.06909891217947006,0,1639,
0.03900429978966713,0,1649,
0.03744886443018913,0,1659,
0.03487244248390198,0,1669,
0.059209056198596954,0,1679,
0.04941986873745918,0,1689,
0.037213776260614395,0,1699,
0.058114517480134964,0,1709,
0.04510347545146942,0,1719,
0.0516035296022892,0,1729,
0.04763852432370186,0,1739,
0.04729032516479492,0,1749,
0.03868987411260605,0,1759,
0.05894621089100838,0,1769,
0.05721306800842285,0,1779,
0.02754894830286503,0,1789,
0.0355447456240654,0,1799,
0.03952600806951523,0,1809,
0.039123356342315674,0,1819,
0.0422777496278286,0,1829,
0.053500931710004807,0,1839,
0.044267747551202774,0,1849,
0.048631954938173294,0,1859,
0.052719537168741226,0,1869,
0.035891495645046234,0,1879,
0.044031042605638504,0,1889,
0.04732929542660713,0,1899,
0.04288412630558014,0,1909,
0.04641926661133766,0,1919,
0.053980957716703415,0,1929,
0.023938531056046486,0,1939,
0.05731090530753136,0,1949,
0.05322186276316643,0,1959,
,0,1965,0.04978761821985245
0.04095285385847092,1,1969,
0.08431331068277359,1,1979,
0.05825499817728996,1,1989,
0.060822684317827225,1,1999,
0.050238821655511856,1,2009,
0.057198889553546906,1,2019,
0.04119051992893219,1,2029,
0.040025223046541214,1,2039,
0.03974427282810211,1,2049,
0.04020141437649727,1,2059,
0.0453905314207077,1,2069,
0.08221108466386795,1,2079,
0.03250793740153313,1,2089,
0.036435317248106,1,2099,
0.05281608924269676,1,2109,
0.07609982043504715,1,2119,
0.04641987010836601,1,2129,
0.03535696119070053,1,2139,
0.043077562004327774,1,2149,
0.036832988262176514,1,2159,
0.05162376910448074,1,2169,
0.0510249063372612,1,2179,
0.04257513955235481,1,2189,
0.037658002227544785,1,2199,
0.04721592366695404,1,2209,
0.05643872544169426,1,2219,
0.04999950900673866,1,2229,
0.08133956044912338,1,2239,
0.05231236666440964,1,2249,
0.04071347042918205,1,2259,
0.03962741419672966,1,2269,
0.041896119713783264,1,2279,
0.04002438485622406,1,2289,
0.05038288235664368,1,2299,
0.0516153983771801,1,2309,
0.04409974813461304,1,2319,
0.04038069024682045,1,2329,
0.03300440311431885,1,2339,
0.04711387678980827,1,2349,
0.067636638879776,1,2359,
0.04640283063054085,1,2369,
0.0482306107878685,1,2379,
0.04791883006691933,1,2389,
0.05443643778562546,1,2399,
0.04840254783630371,1,2409,
0.04712652415037155,1,2419,
0.037794552743434906,1,2429,
0.05280696600675583,1,2439,
0.06138160452246666,1,2449,
0.05367404967546463,1,2459,
0.053283561021089554,1,2469,
0.042385201901197433,1,2479,
0.03412431851029396,1,2489,
0.03597310557961464,1,2499,
0.038076359778642654,1,2509,
0.06582073122262955,1,2519,
0.04990433529019356,1,2529,
0.04032624512910843,1,2539,
0.040481191128492355,1,2549,
0.05522136762738228,1,2559,
0.048778045922517776,1,2569,
0.05333755537867546,1,2579,
0.05188247188925743,1,2589,
0.04746440798044205,1,2599,
0.06871877610683441,1,2609,
0.031841013580560684,1,2619,
0.06615740060806274,1,2629,
0.07932857424020767,1,2639,
0.04975578561425209,1,2649,
0.06302715092897415,1,2659,
0.05220112204551697,1,2669,
0.062125299125909805,1,2679,
0.037784330546855927,1,2689,
0.044625092297792435,1,2699,
0.06059902161359787,1,2709,
0.03859630227088928,1,2719,
0.05164444446563721,1,2729,
0.06338993459939957,1,2739,
0.033178575336933136,1,2749,
0.05300898104906082,1,2759,
0.034835122525691986,1,2769,
0.04678916931152344,1,2779,
0.04640239104628563,1,2789,
0.05297716706991196,1,2799,
0.04699556156992912,1,2809,
0.04303644225001335,1,2819,
0.032582785934209824,1,2829,
0.05044671520590782,1,2839,
0.05095084756612778,1,2849,
0.04551686719059944,1,2859,
0.03930475190281868,1,2869,
0.060464780777692795,1,2879,
0.0538935586810112,1,2889,
0.05683016777038574,1,2899,
0.037589509040117264,1,2909,
0.044179268181324005,1,2919,
0.05432717502117157,1,2929,
0.061477430164813995,1,2939,
0.048015620559453964,1,2949,
0.06765269488096237,1,2959,
0.0503273569047451,1,2969,
0.06860290467739105,1,2979,
0.05066307261586189,1,2989,
0.044900111854076385,1,2999,
0.04817614331841469,1,3009,
0.05656304582953453,1,3019,
0.06031511351466179,1,3029,
0.033718518912792206,1,3039,
0.029303455725312233,1,3049,
0.04517853260040283,1,3059,
0.04645605757832527,1,3069,
0.05674591287970543,1,3079,
0.02961289882659912,1,3089,
0.05169498547911644,1,3099,
0.044630516320466995,1,3109,
0.050277650356292725,1,3119,
0.04503454640507698,1,3129,
0.05211697891354561,1,3139,
0.03172904625535011,1,3149,
0.03944067284464836,1,3159,
0.06489206850528717,1,3169,
0.04106264188885689,1,3179,
0.05231110006570816,1,3189,
0.06882953643798828,1,3199,
0.0516715906560421,1,3209,
0.055019836872816086,1,3219,
0.03801596164703369,1,3229,
0.058566782623529434,1,3239,
0.05666034668684006,1,3249,
0.045112986117601395,1,3259,
0.05436829850077629,1,3269,
0.0654120221734047,1,3279,
0.05432895943522453,1,3289,
0.07221963256597519,1,3299,
0.04658004641532898,1,3309,
0.05276089534163475,1,3319,
0.04650122672319412,1,3329,
0.04102814197540283,1,3339,
0.05117248371243477,1,3349,
0.05020879954099655,1,3359,
0.05847954750061035,1,3369,
0.059672702103853226,1,3379,
0.045588988810777664,1,3389,
0.06411707401275635,1,3399,
0.051801636815071106,1,3409,
0.04595069959759712,1,3419,
0.05594886839389801,1,3429,
0.0557091161608696,1,3439,
0.06299880146980286,1,3449,
0.0405864492058754,1,3459,
0.02965443767607212,1,3469,
0.05166223272681236,1,3479,
0.059949975460767746,1,3489,
0.050938062369823456,1,3499,
0.03479347750544548,1,3509,
0.04342450201511383,1,3519,
0.057357899844646454,1,3529,
0.03760208562016487,1,3539,
0.044040337204933167,1,3549,
0.03118714690208435,1,3559,
0.03464155271649361,1,3569,
0.04941471293568611,1,3579,
0.04224472492933273,1,3589,
0.0480879507958889,1,3599,
0.04177729785442352,1,3609,
0.0341842882335186,1,3619,
0.04611967131495476,1,3629,
0.05543901026248932,1,3639,
0.04307684674859047,1,3649,
0.05531322956085205,1,3659,
0.03688209131360054,1,3669,
0.051996078342199326,1,3679,
0.06085043027997017,1,3689,
0.053659677505493164,1,3699,
0.04725060239434242,1,3709,
0.04208642244338989,1,3719,
0.06535638868808746,1,3729,
0.05578206852078438,1,3739,
0.038470812141895294,1,3749,
0.03649282455444336,1,3759,
0.045877836644649506,1,3769,
0.04553453251719475,1,3779,
0.0520612969994545,1,3789,
0.046406298875808716,1,3799,
0.04842139035463333,1,3809,
0.04290738329291344,1,3819,
0.05337747186422348,1,3829,
0.054158926010131836,1,3839,
0.04762796312570572,1,3849,
0.052001260221004486,1,3859,
0.04938379302620888,1,3869,
0.05402061343193054,1,3879,
0.045765213668346405,1,3889,
0.04326159507036209,1,3899,
0.04238484799861908,1,3909,
0.04490571469068527,1,3919,
0.04333439841866493,1,3929,
,1,3931,0.049747779965400696
0.06366217136383057,2,3939,
0.05601700022816658,2,3949,
0.04695581644773483,2,3959,
0.06262125074863434,2,3969,
0.03918560594320297,2,3979,
0.05986662581562996,2,3989,
0.054987333714962006,2,3999,
0.05614355579018593,2,4009,
0.07077347487211227,2,4019,
0.05090748146176338,2,4029,
0.053478412330150604,2,4039,
0.046978846192359924,2,4049,
0.04282713308930397,2,4059,
0.03261968865990639,2,4069,
0.0634554773569107,2,4079,
0.05941420793533325,2,4089,
0.05479590594768524,2,4099,
0.04564879462122917,2,4109,
0.06811360269784927,2,4119,
0.03201340138912201,2,4129,
0.03616013005375862,2,4139,
0.06625498831272125,2,4149,
0.06090882793068886,2,4159,
0.055716078728437424,2,4169,
0.05120961740612984,2,4179,
0.04468525946140289,2,4189,
0.06314406543970108,2,4199,
0.051465440541505814,2,4209,
0.03360281512141228,2,4219,
0.03805597499012947,2,4229,
0.05483202636241913,2,4239,
0.03866342827677727,2,4249,
0.06315097957849503,2,4259,
0.0531141459941864,2,4269,
0.06532460451126099,2,4279,
0.053640320897102356,2,4289,
0.0451962873339653,2,4299,
0.05252896994352341,2,4309,
0.03597589582204819,2,4319,
0.05023890733718872,2,4329,
0.04724584147334099,2,4339,
0.058505669236183167,2,4349,
0.05007990077137947,2,4359,
0.05852676182985306,2,4369,
0.07549978792667389,2,4379,
0.06869156658649445,2,4389,
0.05581888183951378,2,4399,
0.04261735454201698,2,4409,
0.05744832009077072,2,4419,
0.038346223533153534,2,4429,
0.04370696470141411,2,4439,
0.04733767732977867,2,4449,
0.05242815241217613,2,4459,
0.06573446840047836,2,4469,
0.04980292543768883,2,4479,
0.04322532191872597,2,4489,
0.037995077669620514,2,4499,
0.05553628131747246,2,4509,
0.04948227107524872,2,4519,
0.06550507992506027,2,4529,
0.04453327879309654,2,4539,
0.0527990348637104,2,4549,
0.05366101488471031,2,4559,
0.07263762503862381,2,4569,
0.04209093376994133,2,4579,
0.059905052185058594,2,4589,
0.04420389607548714,2,4599,
0.055715788155794144,2,4609,
0.03969135135412216,2,4619,
0.0599379688501358,2,4629,
0.042602088302373886,2,4639,
0.07284944504499435,2,4649,
0.05636291950941086,2,4659,
0.03147031366825104,2,4669,
0.03379383310675621,2,4679,
0.05434757098555565,2,4689,
0.05071547254920006,2,4699,
0.04854622110724449,2,4709,
0.028388163074851036,2,4719,
0.030391348525881767,2,4729,
0.06282197684049606,2,4739,
0.0583687499165535,2,4749,
0.0490102656185627,2,4759,
0.05935743823647499,2,4769,
0.0463612861931324,2,4779,
0.036978889256715775,2,4789,
0.06234431266784668,2,4799,
0.0672248899936676,2,4809,
0.05170697718858719,2,4819,
0.02760804258286953,2,4829,
0.05139109864830971,2,4839,
0.04903313145041466,2,4849,
0.06925661116838455,2,4859,
0.04626159369945526,2,4869,
0.04907838627696037,2,4879,
0.03578674793243408,2,4889,
0.06808433681726456,2,4899,
0.03770842030644417,2,4909,
0.06975386291742325,2,4919,
0.035478491336107254,2,4929,
0.051883451640605927,2,4939,
0.060409147292375565,2,4949,
0.05174536257982254,2,4959,
0.03091786988079548,2,4969,
0.04975854605436325,2,4979,
0.05295117571949959,2,4989,
0.06206000596284866,2,4999,
0.045030251145362854,2,5009,
0.04794136434793472,2,5019,
0.04671034589409828,2,5029,
0.04654167592525482,2,5039,
0.06003032997250557,2,5049,
0.05289424583315849,2,5059,
0.04816336929798126,2,5069,
0.06293085962533951,2,5079,
0.06271549314260483,2,5089,
0.05440463870763779,2,5099,
0.04325079917907715,2,5109,
0.042800724506378174,2,5119,
0.0354507714509964,2,5129,
0.04670407623052597,2,5139,
0.04957132413983345,2,5149,
0.04739702120423317,2,5159,
0.03445998579263687,2,5169,
0.04682280495762825,2,5179,
0.0359029583632946,2,5189,
0.0474548265337944,2,5199,
0.05373384803533554,2,5209,
0.0574195571243763,2,5219,
0.04740116000175476,2,5229,
0.05306904762983322,2,5239,
0.04642732813954353,2,5249,
0.08119857311248779,2,5259,
0.035723183304071426,2,5269,
0.034802064299583435,2,5279,
0.041469987481832504,2,5289,
0.04899510741233826,2,5299,
0.0475616529583931,2,5309,
0.043972764164209366,2,5319,
0.04132334515452385,2,5329,
0.05112040042877197,2,5339,
0.048240333795547485,2,5349,
0.06751497834920883,2,5359,
0.03922739997506142,2,5369,
0.06232037767767906,2,5379,
0.05880655348300934,2,5389,
0.038114674389362335,2,5399,
0.04339573159813881,2,5409,
0.07341716438531876,2,5419,
0.03482898697257042,2,5429,
0.0559004545211792,2,5439,
0.04106011241674423,2,5449,
0.04578201845288277,2,5459,
0.04054504632949829,2,5469,
0.06038982421159744,2,5479,
0.07142854481935501,2,5489,
0.04253287613391876,2,5499,
0.07110661268234253,2,5509,
0.06615391373634338,2,5519,
0.04361613094806671,2,5529,
0.042155634611845016,2,5539,
0.0313296914100647,2,5549,
0.05540020391345024,2,5559,
0.04635213315486908,2,5569,
0.0422888919711113,2,5579,
0.026113374158740044,2,5589,
0.05020465701818466,2,5599,
0.046756863594055176,2,5609,
0.03399262949824333,2,5619,
0.06201314926147461,2,5629,
0.0472470298409462,2,5639,
0.04216054826974869,2,5649,
0.07534845173358917,2,5659,
0.059529200196266174,2,5669,
0.042618997395038605,2,5679,
0.035520054399967194,2,5689,
0.04016730561852455,2,5699,
0.057060081511735916,2,5709,
0.03276779130101204,2,5719,
0.05791228264570236,2,5729,
0.06840572506189346,2,5739,
0.06568706035614014,2,5749,
0.0482722707092762,2,5759,
0.057635944336652756,2,5769,
0.05201486870646477,2,5779,
0.05797722563147545,2,5789,
0.05382781848311424,2,5799,
0.044314008206129074,2,5809,
0.06477029621601105,2,5819,
0.04265866056084633,2,5829,
0.05880717560648918,2,5839,
0.03991467505693436,2,5849,
0.050845518708229065,2,5859,
0.05976976454257965,2,5869,
0.04267358407378197,2,5879,
0.04639751464128494,2,5889,
,2,5897,0.04971432313323021
0.056612949818372726,3,5899,
0.050294142216444016,3,5909,
0.048539597541093826,3,5919,
0.05358068272471428,3,5929,
0.059673912823200226,3,5939,
0.06364688277244568,3,5949,
0.040561892092227936,3,5959,
0.038487758487463,3,5969,
0.04731003940105438,3,5979,
0.03197832033038139,3,5989,
0.04837933927774429,3,5999,
0.05461690574884415,3,6009,
0.06052050366997719,3,6019,
0.029395537450909615,3,6029,
0.06164881959557533,3,6039,
0.04411826655268669,3,6049,
0.04036761075258255,3,6059,
0.04478021338582039,3,6069,
0.03814740851521492,3,6079,
0.052627529948949814,3,6089,
0.04208672046661377,3,6099,
0.050189170986413956,3,6109,
0.03595869988203049,3,6119,
0.05356098711490631,3,6129,
0.03922579810023308,3,6139,
0.025851568207144737,3,6149,
0.054063696414232254,3,6159,
0.04879605025053024,3,6169,
0.04559624195098877,3,6179,
0.06504574418067932,3,6189,
0.04451138898730278,3,6199,
0.04330569505691528,3,6209,
0.04012095928192139,3,6219,
0.04592649266123772,3,6229,
0.06500426679849625,3,6239,
0.029315108433365822,3,6249,
0.05664109066128731,3,6259,
0.044245123863220215,3,6269,
0.055228687822818756,3,6279,
0.05678320676088333,3,6289,
0.04297567158937454,3,6299,
0.036666981875896454,3,6309,
0.03910133242607117,3,6319,
0.03730153292417526,3,6329,
0.058369118720293045,3,6339,
0.04739631712436676,3,6349,
0.07918524742126465,3,6359,
0.06767981499433517,3,6369,
0.04274073615670204,3,6379,
0.05762121453881264,3,6389,
0.03809322789311409,3,6399,
0.0425778329372406,3,6409,
0.06034575775265694,3,6419,
0.038918640464544296,3,6429,
0.05046669766306877,3,6439,
0.0516374446451664,3,6449,
0.03265014663338661,3,6459,
0.05360599607229233,3,6469,
0.07509546726942062,3,6479,
0.03728429973125458,3,6489,
0.0565173365175724,3,6499,
0.045866046100854874,3,6509,
0.04119686409831047,3,6519,
0.048565834760665894,3,6529,
0.04872121289372444,3,6539,
0.039574965834617615,3,6549,
0.043128062039613724,3,6559,
0.04046972468495369,3,6569,
0.059898894280195236,3,6579,
0.07088029384613037,3,6589,
0.05945764109492302,3,6599,
0.04254739359021187,3,6609,
0.051416005939245224,3,6619,
0.0662446841597557,3,6629,
0.059069983661174774,3,6639,
0.05129881203174591,3,6649,
0.05634605884552002,3,6659,
0.053224992007017136,3,6669,
0.07460884004831314,3,6679,
0.05018168315291405,3,6689,
0.04746628552675247,3,6699,
0.04343444108963013,3,6709,
0.041125841438770294,3,6719,
0.043618276715278625,3,6729,
0.07026400417089462,3,6739,
0.03695490583777428,3,6749,
0.060050178319215775,3,6759,
0.05426378548145294,3,6769,
0.05930699408054352,3,6779,
0.060313038527965546,3,6789,
0.04209697246551514,3,6799,
0.05548301711678505,3,6809,
0.05122910439968109,3,6819,
0.060265976935625076,3,6829,
0.054309945553541183,3,6839,
0.07830223441123962,3,6849,
0.040019553154706955,3,6859,
0.05121028423309326,3,6869,
0.042072951793670654,3,6879,
0.049281876534223557,3,6889,
0.044476915150880814,3,6899,
0.07002478092908859,3,6909,
0.04183484613895416,3,6919,
0.04625977575778961,3,6929,
0.04948687553405762,3,6939,
0.0414627306163311,3,6949,
0.05614283308386803,3,6959,
0.04943417012691498,3,6969,
0.045007456094026566,3,6979,
0.0400516651570797,3,6989,
0.06097234785556793,3,6999,
0.05529966950416565,3,7009,
0.034546077251434326,3,7019,
0.052805788815021515,3,7029,
0.06318744271993637,3,7039,
0.04772183299064636,3,7049,
0.05907239019870758,3,7059,
0.05046381056308746,3,7069,
0.06727078557014465,3,7079,
0.05282143875956535,3,7089,
0.05690262094140053,3,7099,
0.06397821009159088,3,7109,
0.0628090426325798,3,7119,
0.0422385074198246,3,7129,
0.04896574094891548,3,7139,
0.04195601865649223,3,7149,
0.05282445624470711,3,7159,
0.04552533105015755,3,7169,
0.034986674785614014,3,7179,
0.06346292048692703,3,7189,
0.04452867433428764,3,7199,
0.028232790529727936,3,7209,
0.0690481960773468,3,7219,
0.05145816132426262,3,7229,
0.04502161219716072,3,7239,
0.05356714129447937,3,7249,
0.04231496900320053,3,7259,
0.06474807113409042,3,7269,
0.0498470775783062,3,7279,
0.06415536254644394,3,7289,
0.0572165921330452,3,7299,
0.037559717893600464,3,7309,
0.07265167683362961,3,7319,
0.042084768414497375,3,7329,
0.06925437599420547,3,7339,
0.04855376482009888,3,7349,
0.056529391556978226,3,7359,
0.047485340386629105,3,7369,
0.04772760346531868,3,7379,
0.02684207260608673,3,7389,
0.05112958699464798,3,7399,
0.03826350346207619,3,7409,
0.05041646957397461,3,7419,
0.04008302465081215,3,7429,
0.04055747762322426,3,7439,
0.03889407217502594,3,7449,
0.050420407205820084,3,7459,
0.04818612337112427,3,7469,
0.051095474511384964,3,7479,
0.04095160961151123,3,7489,
0.0639524981379509,3,7499,
0.04586918652057648,3,7509,
0.046212244778871536,3,7519,
0.06140625476837158,3,7529,
0.04776250198483467,3,7539,
0.04207708314061165,3,7549,
0.04455436021089554,3,7559,
0.06489577889442444,3,7569,
0.04033184051513672,3,7579,
0.055629704147577286,3,7589,
0.036513421684503555,3,7599,
0.040732402354478836,3,7609,
0.049967050552368164,3,7619,
0.036672890186309814,3,7629,
0.05411664769053459,3,7639,
0.03589382395148277,3,7649,
0.04897717759013176,3,7659,
0.035601623356342316,3,7669,
0.033494703471660614,3,7679,
0.03858373686671257,3,7689,
0.048667848110198975,3,7699,
0.05612506344914436,3,7709,
0.05467363819479942,3,7719,
0.03818393126130104,3,7729,
0.047981370240449905,3,7739,
0.04769692197442055,3,7749,
0.05118514969944954,3,7759,
0.06693071871995926,3,7769,
0.040831632912158966,3,7779,
0.06259462237358093,3,7789,
0.05239968001842499,3,7799,
0.03305361419916153,3,7809,
0.051470451056957245,3,7819,
0.04394569993019104,3,7829,
0.05730884149670601,3,7839,
0.059279900044202805,3,7849,
0.03510947898030281,3,7859,
,3,7863,0.049952391535043716
0.05758388340473175,4,7869,
0.04625793918967247,4,7879,
0.05168318748474121,4,7889,
0.0611991211771965,4,7899,
0.0355483703315258,4,7909,
0.035416554659605026,4,7919,
0.04413321986794472,4,7929,
0.059952668845653534,4,7939,
0.07313451915979385,4,7949,
0.04073689505457878,4,7959,
0.05552271381020546,4,7969,
0.038565706461668015,4,7979,
0.03788277134299278,4,7989,
0.06190578266978264,4,7999,
0.04593510553240776,4,8009,
0.06371846795082092,4,8019,
0.0494193434715271,4,8029,
0.0450933575630188,4,8039,
0.05803922191262245,4,8049,
0.0457644984126091,4,8059,
0.05599065124988556,4,8069,
0.0517856739461422,4,8079,
0.04244993254542351,4,8089,
0.03749050572514534,4,8099,
0.04804626852273941,4,8109,
0.060257647186517715,4,8119,
0.03728501871228218,4,8129,
0.04463454335927963,4,8139,
0.053428422659635544,4,8149,
0.04611622542142868,4,8159,
0.06873030215501785,4,8169,
0.028789401054382324,4,8179,
0.03385578840970993,4,8189,
0.04815799742937088,4,8199,
0.046917010098695755,4,8209,
0.037325501441955566,4,8219,
0.037259459495544434,4,8229,
0.03458375111222267,4,8239,
0.07831477373838425,4,8249,
0.061287954449653625,4,8259,
0.06883390992879868,4,8269,
0.06802195310592651,4,8279,
0.05140234902501106,4,8289,
0.03544298931956291,4,8299,
0.028182413429021835,4,8309,
0.03526940569281578,4,8319,
0.04665079340338707,4,8329,
0.03463213890790939,4,8339,
0.039191834628582,4,8349,
0.06539284437894821,4,8359,
0.042047493159770966,4,8369,
0.05962783098220825,4,8379,
0.062371626496315,4,8389,
0.047464217990636826,4,8399,
0.0458611436188221,4,8409,
0.05900290235877037,4,8419,
0.041876740753650665,4,8429,
0.037035778164863586,4,8439,
0.05561460554599762,4,8449,
0.08792950212955475,4,8459,
0.06719762086868286,4,8469,
0.044368140399456024,4,8479,
0.05606161803007126,4,8489,
0.06253700703382492,4,8499,
0.0625421330332756,4,8509,
0.049012526869773865,4,8519,
0.04135339707136154,4,8529,
0.03502810746431351,4,8539,
0.05840675160288811,4,8549,
0.0472557432949543,4,8559,
0.052320778369903564,4,8569,
0.04451726749539375,4,8579,
0.0375882051885128,4,8589,
0.05861542746424675,4,8599,
0.05459447205066681,4,8609,
0.04890051856637001,4,8619,
0.03322811797261238,4,8629,
0.06879588216543198,4,8639,
0.03648660331964493,4,8649,
0.03928020969033241,4,8659,
0.04646759480237961,4,8669,
0.04193844273686409,4,8679,
0.06082993000745773,4,8689,
0.040283627808094025,4,8699,
0.05998110771179199,4,8709,
0.03683697059750557,4,8719,
0.047414544969797134,4,8729,
0.042262595146894455,4,8739,
0.06281859427690506,4,8749,
0.03807751089334488,4,8759,
0.05020666867494583,4,8769,
0.05218916013836861,4,8779,
0.039876796305179596,4,8789,
0.04959079623222351,4,8799,
0.04200591892004013,4,8809,
0.05588951334357262,4,8819,
0.05477388575673103,4,8829,
0.037128765136003494,4,8839,
0.04312710091471672,4,8849,
0.07658784836530685,4,8859,
0.0721609890460968,4,8869,
0.049102384597063065,4,8879,
0.06083898991346359,4,8889,
0.04339182376861572,4,8899,
0.04512486979365349,4,8909,
0.0545894056558609,4,8919,
0.055906932801008224,4,8929,
0.03177414461970329,4,8939,
0.048590037971735,4,8949,
0.06764622777700424,4,8959,
0.04158754646778107,4,8969,
0.03711704909801483,4,8979,
0.04750972241163254,4,8989,
0.040545716881752014,4,8999,
0.06866741925477982,4,9009,
0.03246575593948364,4,9019,
0.044047389179468155,4,9029,
0.04448539763689041,4,9039,
0.06418028473854065,4,9049,
0.04582031071186066,4,9059,
0.05716734379529953,4,9069,
0.03847070038318634,4,9079,
0.052042942494153976,4,9089,
0.07046566158533096,4,9099,
0.040325094014406204,4,9109,
0.09008629620075226,4,9119,
0.058189161121845245,4,9129,
0.0482834056019783,4,9139,
0.03521411120891571,4,9149,
0.035308897495269775,4,9159,
0.04846540093421936,4,9169,
0.02417648583650589,4,9179,
0.04181098937988281,4,9189,
0.04220763221383095,4,9199,
0.06584671884775162,4,9209,
0.06447622925043106,4,9219,
0.04985899478197098,4,9229,
0.05716101452708244,4,9239,
0.03669530898332596,4,9249,
0.05408483371138573,4,9259,
0.05125115439295769,4,9269,
0.05822458490729332,4,9279,
0.04312150552868843,4,9289,
0.06666062027215958,4,9299,
0.06476599723100662,4,9309,
0.04987351968884468,4,9319,
0.05357019603252411,4,9329,
0.06601381301879883,4,9339,
0.06095489487051964,4,9349,
0.03102915920317173,4,9359,
0.06511364132165909,4,9369,
0.05568679794669151,4,9379,
0.04636466130614281,4,9389,
0.05016760155558586,4,9399,
0.04216420650482178,4,9409,
0.04285697266459465,4,9419,
0.04071547091007233,4,9429,
0.03319147601723671,4,9439,
0.04563235118985176,4,9449,
0.04774561896920204,4,9459,
0.06076660379767418,4,9469,
0.051965005695819855,4,9479,
0.04213862493634224,4,9489,
0.04141765460371971,4,9499,
0.04173322767019272,4,9509,
0.04989536106586456,4,9519,
0.043031394481658936,4,9529,
0.04627257585525513,4,9539,
0.05885095149278641,4,9549,
0.053667064756155014,4,9559,
0.04367472603917122,4,9569,
0.05742136761546135,4,9579,
0.04480922222137451,4,9589,
0.04067566245794296,4,9599,
0.04682769253849983,4,9609,
0.03913913294672966,4,9619,
0.04845137894153595,4,9629,
0.04348738119006157,4,9639,
0.048040833324193954,4,9649,
0.06436309963464737,4,9659,
0.0487019345164299,4,9669,
0.047619614750146866,4,9679,
0.03632514923810959,4,9689,
0.07137417048215866,4,9699,
0.03908492997288704,4,9709,
0.047246117144823074,4,9719,
0.04060682654380798,4,9729,
0.0653633251786232,4,9739,
0.04781656712293625,4,9749,
0.03954574093222618,4,9759,
0.041454706341028214,4,9769,
0.049534574151039124,4,9779,
0.05981630086898804,4,9789,
0.0476105622947216,4,9799,
0.037958428263664246,4,9809,
0.0508117750287056,4,9819,
0.03988666087388992,4,9829,
,4,9829,0.04989204555749893
0.053691599518060684,5,9839,
0.06224067881703377,5,9849,
0.07238343358039856,5,9859,
0.057215142995119095,5,9869,
0.04535597935318947,5,9879,
0.030338874086737633,5,9889,
0.04969273880124092,5,9899,
0.04105333983898163,5,9909,
0.06458917260169983,5,9919,
0.053949397057294846,5,9929,
0.04322149232029915,5,9939,
0.07929733395576477,5,9949,
0.0556924007833004,5,9959,
0.05286289006471634,5,9969,
0.08141062408685684,5,9979,
0.03905198723077774,5,9989,
0.03628396615386009,5,9999,
0.06849585473537445,5,10009,
0.04897051304578781,5,10019,
0.04537314921617508,5,10029,
0.03249797597527504,5,10039,
0.03930821642279625,5,10049,
0.043859321624040604,5,10059,
0.08820439875125885,5,10069,
0.048444755375385284,5,10079,
0.058049507439136505,5,10089,
0.04641074314713478,5,10099,
0.0707043781876564,5,10109,
0.07260075956583023,5,10119,
0.030113736167550087,5,10129,
0.05116008594632149,5,10139,
0.05212860554456711,5,10149,
0.050767071545124054,5,10159,
0.03704245761036873,5,10169,
0.03487589210271835,5,10179,
0.053384508937597275,5,10189,
0.04351373016834259,5,10199,
0.06187202036380768,5,10209,
0.04322380945086479,5,10219,
0.061749208718538284,5,10229,
0.04249706491827965,5,10239,
0.06074594706296921,5,10249,
0.03890503942966461,5,10259,
0.04350737854838371,5,10269,
0.0456392839550972,5,10279,
0.047288745641708374,5,10289,
0.04824197292327881,5,10299,
0.04598608985543251,5,10309,
0.04726704582571983,5,10319,
0.039824988692998886,5,10329,
0.05338655039668083,5,10339,
0.05634825676679611,5,10349,
0.0757482722401619,5,10359,
0.048459239304065704,5,10369,
0.04987344890832901,5,10379,
0.05421410873532295,5,10389,
0.0593290850520134,5,10399,
0.04848352074623108,5,10409,
0.06512206792831421,5,10419,
0.033112190663814545,5,10429,
0.04736125469207764,5,10439,
0.04954218491911888,5,10449,
0.053570475429296494,5,10459,
0.05044061690568924,5,10469,
0.059565041214227676,5,10479,
0.0510566420853138,5,10489,
0.03976750373840332,5,10499,
0.032401543110609055,5,10509,
0.07898107916116714,5,10519,
0.046015482395887375,5,10529,
0.06872501969337463,5,10539,
0.0630129799246788,5,10549,
0.04403962567448616,5,10559,
0.0438009575009346,5,10569,
0.05108923465013504,5,10579,
0.04336695000529289,5,10589,
0.04449518397450447,5,10599,
0.06184341013431549,5,10609,
0.03775113821029663,5,10619,
0.06426218152046204,5,10629,
0.06877873837947845,5,10639,
0.0535346157848835,5,10649,
0.06644315272569656,5,10659,
0.03638124838471413,5,10669,
0.059315670281648636,5,10679,
0.05853993445634842,5,10689,
0.059611160308122635,5,10699,
0.05066511407494545,5,10709,
0.05302555859088898,5,10719,
0.056333303451538086,5,10729,
0.06441839039325714,5,10739,
0.03892501816153526,5,10749,
0.052824608981609344,5,10759,
0.041748493909835815,5,10769,
0.09558144211769104,5,10779,
0.054516036063432693,5,10789,
0.04707421362400055,5,10799,
0.048904288560152054,5,10809,
0.04418274015188217,5,10819,
0.049673616886138916,5,10829,
0.04643089696764946,5,10839,
0.0797501802444458,5,10849,
0.06990844756364822,5,10859,
0.051704004406929016,5,10869,
0.038026656955480576,5,10879,
0.04654015973210335,5,10889,
0.05634552240371704,5,10899,
0.07864657789468765,5,10909,
0.044428590685129166,5,10919,
0.04623031243681908,5,10929,
0.036730699241161346,5,10939,
0.040850501507520676,5,10949,
0.031104393303394318,5,10959,
0.05580335110425949,5,10969,
0.05748587101697922,5,10979,
0.054543353617191315,5,10989,
0.05673489347100258,5,10999,
0.051360342651605606,5,11009,
0.05588328838348389,5,11019,
0.0581764318048954,5,11029,
0.05098162963986397,5,11039,
0.04083401337265968,5,11049,
0.0491214282810688,5,11059,
0.04070811718702316,5,11069,
0.0540911965072155,5,11079,
0.049898214638233185,5,11089,
0.0381694994866848,5,11099,
0.04693446680903435,5,11109,
0.05695614591240883,5,11119,
0.03626316040754318,5,11129,
0.052629388868808746,5,11139,
0.05050473287701607,5,11149,
0.03245805576443672,5,11159,
0.05108161270618439,5,11169,
0.06658004969358444,5,11179,
0.049273017793893814,5,11189,
0.034800224006175995,5,11199,
0.036254722625017166,5,11209,
0.0705760195851326,5,11219,
0.04712172970175743,5,11229,
0.06246114522218704,5,11239,
0.04920579865574837,5,11249,
0.0418609119951725,5,11259,
0.04010288789868355,5,11269,
0.04318246990442276,5,11279,
0.04896609112620354,5,11289,
0.03325783088803291,5,11299,
0.053540825843811035,5,11309,
0.0536864772439003,5,11319,
0.03748366981744766,5,11329,
0.053027305752038956,5,11339,
0.048741962760686874,5,11349,
0.0386325903236866,5,11359,
0.06204942986369133,5,11369,
0.03913860395550728,5,11379,
0.05507580563426018,5,11389,
0.05188613757491112,5,11399,
0.04673295095562935,5,11409,
0.05576711148023605,5,11419,
0.04812631383538246,5,11429,
0.03890468180179596,5,11439,
0.03490002453327179,5,11449,
0.033704038709402084,5,11459,
0.028982527554035187,5,11469,
0.03714850917458534,5,11479,
0.04245227575302124,5,11489,
0.05461740493774414,5,11499,
0.051416732370853424,5,11509,
0.0396670363843441,5,11519,
0.0482943058013916,5,11529,
0.04377560690045357,5,11539,
0.05087260901927948,5,11549,
0.07713434845209122,5,11559,
0.03158383071422577,5,11569,
0.05218331143260002,5,11579,
0.04067481309175491,5,11589,
0.06270479410886765,5,11599,
0.03677215054631233,5,11609,
0.0396849662065506,5,11619,
0.05084524676203728,5,11629,
0.04460008814930916,5,11639,
0.05767914280295372,5,11649,
0.038991253823041916,5,11659,
0.03761141374707222,5,11669,
0.059599995613098145,5,11679,
0.04070153459906578,5,11689,
0.07638083398342133,5,11699,
0.050861556082963943,5,11709,
0.03137991204857826,5,11719,
0.04473324492573738,5,11729,
0.06204170733690262,5,11739,
0.06537880003452301,5,11749,
0.06152402237057686,5,11759,
0.034631192684173584,5,11769,
0.02875206246972084,5,11779,
0.05390366166830063,5,11789,
,5,11795,0.04967593774199486
0.04221470654010773,6,11799,
0.06259246915578842,6,11809,
0.05959199741482735,6,11819,
0.06188745051622391,6,11829,
0.0509117916226387,6,11839,
0.04469643905758858,6,11849,
0.05203475430607796,6,11859,
0.04403892531991005,6,11869,
0.04875214770436287,6,11879,
0.06060561165213585,6,11889,
0.03360850363969803,6,11899,
0.05020518973469734,6,11909,
0.0443088598549366,6,11919,
0.05836142599582672,6,11929,
0.027066174894571304,6,11939,
0.05400238186120987,6,11949,
0.057486824691295624,6,11959,
0.05242213234305382,6,11969,
0.03736491501331329,6,11979,
0.03598706051707268,6,11989,
0.05640467628836632,6,11999,
0.051448624581098557,6,12009,
0.061136987060308456,6,12019,
0.06195588782429695,6,12029,
0.03925661742687225,6,12039,
0.04266103729605675,6,12049,
0.054600123316049576,6,12059,
0.04816916584968567,6,12069,
0.03709908947348595,6,12079,
0.0511380136013031,6,12089,
0.051673151552677155,6,12099,
0.07524251192808151,6,12109,
0.06719280034303665,6,12119,
0.05106641724705696,6,12129,
0.06373310089111328,6,12139,
0.07573545724153519,6,12149,
0.040538329631090164,6,12159,
0.03755927458405495,6,12169,
0.037106357514858246,6,12179,
0.03330424800515175,6,12189,
0.03298594802618027,6,12199,
0.04031335562467575,6,12209,
0.052388016134500504,6,12219,
0.03798011690378189,6,12229,
0.050014786422252655,6,12239,
0.052246756851673126,6,12249,
0.05583295598626137,6,12259,
0.036625057458877563,6,12269,
0.06805788725614548,6,12279,
0.037860479205846786,6,12289,
0.04530024155974388,6,12299,
0.04504876211285591,6,12309,
0.04894903674721718,6,12319,
0.04277253895998001,6,12329,
0.054422132670879364,6,12339,
0.05739984288811684,6,12349,
0.05577019974589348,6,12359,
0.046742718666791916,6,12369,
0.05797572806477547,6,12379,
0.038008976727724075,6,12389,
0.04875415191054344,6,12399,
0.033517397940158844,6,12409,
0.03860779479146004,6,12419,
0.0400761179625988,6,12429,
0.03894345089793205,6,12439,
0.0463726632297039,6,12449,
0.04036249220371246,6,12459,
0.04988253861665726,6,12469,
0.06396058946847916,6,12479,
0.060368750244379044,6,12489,
0.05062896013259888,6,12499,
0.04469490796327591,6,12509,
0.040064383298158646,6,12519,
0.052139610052108765,6,12529,
0.041931379586458206,6,12539,
0.06855283677577972,6,12549,
0.0668911263346672,6,12559,
0.03939212113618851,6,12569,
0.053433239459991455,6,12579,
0.06374110281467438,6,12589,
0.04205513745546341,6,12599,
0.043442416936159134,6,12609,
0.041870731860399246,6,12619,
0.032661937177181244,6,12629,
0.04432418569922447,6,12639,
0.05663297697901726,6,12649,
0.04212980344891548,6,12659,
0.05243115499615669,6,12669,
0.04270731285214424,6,12679,
0.04930633306503296,6,12689,
0.05193178728222847,6,12699,
0.038067180663347244,6,12709,
0.06311603635549545,6,12719,
0.047685183584690094,6,12729,
0.05462829768657684,6,12739,
0.04387432336807251,6,12749,
0.04491459205746651,6,12759,
0.03850309178233147,6,12769,
0.040176697075366974,6,12779,
0.07144733518362045,6,12789,
0.04251015931367874,6,12799,
0.03587351366877556,6,12809,
0.037956878542900085,6,12819,
0.04393729940056801,6,12829,
0.04703709855675697,6,12839,
0.042996037751436234,6,12849,
0.044685568660497665,6,12859,
0.04961012676358223,6,12869,
0.053188543766736984,6,12879,
0.06235111504793167,6,12889,
0.07052048295736313,6,12899,
0.04790053144097328,6,12909,
0.042557477951049805,6,12919,
0.059833064675331116,6,12929,
0.03473253920674324,6,12939,
0.046738144010305405,6,12949,
0.04597033932805061,6,12959,
0.06434884667396545,6,12969,
0.0567232109606266,6,12979,
0.048326876014471054,6,12989,
0.057464972138404846,6,12999,
0.03367402032017708,6,13009,
0.040859874337911606,6,13019,
0.05834268406033516,6,13029,
0.06990697234869003,6,13039,
0.0293697789311409,6,13049,
0.06367979198694229,6,13059,
0.050057411193847656,6,13069,
0.03141521289944649,6,13079,
0.05573716387152672,6,13089,
0.03511786833405495,6,13099,
0.05240900069475174,6,13109,
0.056960973888635635,6,13119,
0.060180049389600754,6,13129,
0.03161076083779335,6,13139,
0.05804053321480751,6,13149,
0.05388869717717171,6,13159,
0.04441576451063156,6,13169,
0.05978785827755928,6,13179,
0.05023062229156494,6,13189,
0.04989124834537506,6,13199,
0.05160224437713623,6,13209,
0.04036714881658554,6,13219,
0.061421290040016174,6,13229,
0.04765383154153824,6,13239,
0.06755708158016205,6,13249,
0.04818117991089821,6,13259,
0.04873460531234741,6,13269,
0.04462871700525284,6,13279,
0.03947616368532181,6,13289,
0.05198332294821739,6,13299,
0.053190089762210846,6,13309,
0.062071945518255234,6,13319,
0.053389303386211395,6,13329,
0.04266711324453354,6,13339,
0.049738381057977676,6,13349,
0.04548012092709541,6,13359,
0.0467851348221302,6,13369,
0.06014541909098625,6,13379,
0.04725059121847153,6,13389,
0.05762787535786629,6,13399,
0.03435959294438362,6,13409,
0.057857587933540344,6,13419,
0.058368947356939316,6,13429,
0.055198702961206436,6,13439,
0.04838201403617859,6,13449,
0.049675021320581436,6,13459,
0.06628227233886719,6,13469,
0.023753302171826363,6,13479,
0.04623112827539444,6,13489,
0.0592629499733448,6,13499,
0.05641530826687813,6,13509,
0.04995349422097206,6,13519,
0.044992413371801376,6,13529,
0.038460977375507355,6,13539,
0.061158306896686554,6,13549,
0.04844960197806358,6,13559,
0.06747860461473465,6,13569,
0.04754681885242462,6,13579,
0.03952326998114586,6,13589,
0.05097758769989014,6,13599,
0.06080606207251549,6,13609,
0.047220297157764435,6,13619,
0.04549601674079895,6,13629,
0.039397697895765305,6,13639,
0.06801842153072357,6,13649,
0.05492022633552551,6,13659,
0.0510934554040432,6,13669,
0.05136249586939812,6,13679,
0.05265207588672638,6,13689,
0.06467442214488983,6,13699,
0.04461497440934181,6,13709,
0.030542688444256783,6,13719,
0.048479385673999786,6,13729,
0.03820599988102913,6,13739,
0.029048318043351173,6,13749,
0.04699354246258736,6,13759,
,6,13761,0.049599047750234604
0.03608833998441696,7,13769,
0.05122105032205582,7,13779,
0.05215328186750412,7,13789,
0.048811424523591995,7,13799,
0.058566492050886154,7,13809,
0.049390606582164764,7,13819,
0.041157208383083344,7,13829,
0.0405411496758461,7,13839,
0.04521837830543518,7,13849,
0.06917122006416321,7,13859,
0.045919179916381836,7,13869,
0.043104205280542374,7,13879,
0.06738968938589096,7,13889,
0.05734197422862053,7,13899,
0.03865204006433487,7,13909,
0.04396115615963936,7,13919,
0.048945553600788116,7,13929,
0.03415016829967499,7,13939,
0.0316079743206501,7,13949,
0.05326187610626221,7,13959,
0.04237067699432373,7,13969,
0.05539551004767418,7,13979,
0.04701343551278114,7,13989,
0.05901528149843216,7,13999,
0.05319537594914436,7,14009,
0.06248127296566963,7,14019,
0.047240979969501495,7,14029,
0.0470360592007637,7,14039,
0.0669529065489769,7,14049,
0.038624487817287445,7,14059,
0.04209485277533531,7,14069,
0.058697547763586044,7,14079,
0.04117798060178757,7,14089,
0.04816565290093422,7,14099,
0.052443645894527435,7,14109,
0.05119827017188072,7,14119,
0.042893994599580765,7,14129,
0.04699283838272095,7,14139,
0.052495718002319336,7,14149,
0.04295366257429123,7,14159,
0.032597143203020096,7,14169,
0.03891189023852348,7,14179,
0.05775823816657066,7,14189,
0.0406373031437397,7,14199,
0.04497884586453438,7,14209,
0.05945722386240959,7,14219,
0.05546918138861656,7,14229,
0.047042474150657654,7,14239,
0.06726624816656113,7,14249,
0.04300817474722862,7,14259,
0.04776779189705849,7,14269,
0.04137945547699928,7,14279,
0.03604548051953316,7,14289,
0.05678923800587654,7,14299,
0.050094280391931534,7,14309,
0.053748805075883865,7,14319,
0.03990069776773453,7,14329,
0.028853893280029297,7,14339,
0.05114752799272537,7,14349,
0.035741690546274185,7,14359,
0.04358531907200813,7,14369,
0.05926300585269928,7,14379,
0.04759373888373375,7,14389,
0.03789106756448746,7,14399,
0.05660053715109825,7,14409,
0.04737730696797371,7,14419,
0.05280988663434982,7,14429,
0.04914139211177826,7,14439,
0.051385778933763504,7,14449,
0.059614427387714386,7,14459,
0.039951372891664505,7,14469,
0.058918219059705734,7,14479,
0.05650116503238678,7,14489,
0.033048372715711594,7,14499,
0.038386981934309006,7,14509,
0.03989942744374275,7,14519,
0.04722175374627113,7,14529,
0.04937268793582916,7,14539,
0.057016320526599884,7,14549,
0.06107695773243904,7,14559,
0.07224760204553604,7,14569,
0.06441657245159149,7,14579,
0.05334315448999405,7,14589,
0.038934964686632156,7,14599,
0.03959398716688156,7,14609,
0.06602642685174942,7,14619,
0.049542613327503204,7,14629,
0.0395326167345047,7,14639,
0.04096835479140282,7,14649,
0.03903047367930412,7,14659,
0.045988570898771286,7,14669,
0.04523669555783272,7,14679,
0.05371381714940071,7,14689,
0.057820532470941544,7,14699,
0.044599372893571854,7,14709,
0.04286852851510048,7,14719,
0.051982372999191284,7,14729,
0.04675569012761116,7,14739,
0.06059501692652702,7,14749,
0.06704893708229065,7,14759,
0.044971395283937454,7,14769,
0.043482959270477295,7,14779,
0.027825335040688515,7,14789,
0.05888553336262703,7,14799,
0.04314841330051422,7,14809,
0.05320318788290024,7,14819,
0.058147259056568146,7,14829,
0.055755045264959335,7,14839,
0.04344457760453224,7,14849,
0.07171011716127396,7,14859,
0.05137426033616066,7,14869,
0.049601420760154724,7,14879,
0.03671165183186531,7,14889,
0.05779678374528885,7,14899,
0.04425128176808357,7,14909,
0.048607442528009415,7,14919,
0.050584178417921066,7,14929,
0.053747937083244324,7,14939,
0.05043136700987816,7,14949,
0.048502229154109955,7,14959,
0.05801957845687866,7,14969,
0.04547906294465065,7,14979,
0.041365593671798706,7,14989,
0.05803067237138748,7,14999,
0.0491650328040123,7,15009,
0.0465116985142231,7,15019,
0.03518344834446907,7,15029,
0.07293174415826797,7,15039,
0.05812589451670647,7,15049,
0.04097114875912666,7,15059,
0.052735585719347,7,15069,
0.03801162540912628,7,15079,
0.05087758228182793,7,15089,
0.04386249557137489,7,15099,
0.09705463796854019,7,15109,
0.03868906572461128,7,15119,
0.057044677436351776,7,15129,
0.05039852857589722,7,15139,
0.051640164107084274,7,15149,
0.05927961319684982,7,15159,
0.04999494552612305,7,15169,
0.05460749566555023,7,15179,
0.04221353307366371,7,15189,
0.04761456325650215,7,15199,
0.02495833858847618,7,15209,
0.056305792182683945,7,15219,
0.06300964951515198,7,15229,
0.044636815786361694,7,15239,
0.051032159477472305,7,15249,
0.058683235198259354,7,15259,
0.06376732140779495,7,15269,
0.048911623656749725,7,15279,
0.04970210790634155,7,15289,
0.04707883670926094,7,15299,
0.04917335510253906,7,15309,
0.044687867164611816,7,15319,
0.04030510410666466,7,15329,
0.04869456961750984,7,15339,
0.04223556071519852,7,15349,
0.06338684260845184,7,15359,
0.03925791755318642,7,15369,
0.04527130350470543,7,15379,
0.0489448718726635,7,15389,
0.04433794692158699,7,15399,
0.05139864981174469,7,15409,
0.05692525580525398,7,15419,
0.037747032940387726,7,15429,
0.048910029232501984,7,15439,
0.04253920167684555,7,15449,
0.03150508180260658,7,15459,
0.0524858720600605,7,15469,
0.04723620414733887,7,15479,
0.047203510999679565,7,15489,
0.059270210564136505,7,15499,
0.05170629546046257,7,15509,
0.043333347886800766,7,15519,
0.06343423575162888,7,15529,
0.05106087401509285,7,15539,
0.05382663011550903,7,15549,
0.03069583885371685,7,15559,
0.05906076729297638,7,15569,
0.05139012262225151,7,15579,
0.046529654413461685,7,15589,
0.05606939271092415,7,15599,
0.06069217994809151,7,15609,
0.06092451140284538,7,15619,
0.041632261127233505,7,15629,
0.04627976939082146,7,15639,
0.045664362609386444,7,15649,
0.04659423977136612,7,15659,
0.05513111501932144,7,15669,
0.06598206609487534,7,15679,
0.043310824781656265,7,15689,
0.05331080034375191,7,15699,
0.051767028868198395,7,15709,
0.055857863277196884,7,15719,
,7,15727,0.04975566640496254
0.041803646832704544,8,15729,
0.04284222796559334,8,15739,
0.02627679519355297,8,15749,
0.05163139849901199,8,15759,
0.05122346431016922,8,15769,
0.06003955379128456,8,15779,
0.05492376163601875,8,15789,
0.04460332915186882,8,15799,
0.0483500100672245,8,15809,
0.058197420090436935,8,15819,
0.04685653746128082,8,15829,
0.03318784758448601,8,15839,
0.027848349884152412,8,15849,
0.040177684277296066,8,15859,
0.05377983674407005,8,15869,
0.051286742091178894,8,15879,
0.051559463143348694,8,15889,
0.0357680469751358,8,15899,
0.048149898648262024,8,15909,
0.036278706043958664,8,15919,
0.046822112053632736,8,15929,
0.03935392573475838,8,15939,
0.04512382298707962,8,15949,
0.07701028138399124,8,15959,
0.04641524702310562,8,15969,
0.04436812922358513,8,15979,
0.04833482578396797,8,15989,
0.0457310676574707,8,15999,
0.05043606832623482,8,16009,
0.06924774497747421,8,16019,
0.049453649669885635,8,16029,
0.04792903736233711,8,16039,
0.05598969757556915,8,16049,
0.0388747863471508,8,16059,
0.04663496091961861,8,16069,
0.03916420415043831,8,16079,
0.05607585236430168,8,16089,
0.031653497368097305,8,16099,
0.04637165367603302,8,16109,
0.04601656645536423,8,16119,
0.04293890669941902,8,16129,
0.04807354509830475,8,16139,
0.07258333265781403,8,16149,
0.04521758854389191,8,16159,
0.03175767883658409,8,16169,
0.044830214232206345,8,16179,
0.04186505824327469,8,16189,
0.032475538551807404,8,16199,
0.04250861704349518,8,16209,
0.05541767179965973,8,16219,
0.03860460966825485,8,16229,
0.04808307811617851,8,16239,
0.08677349984645844,8,16249,
0.049198511987924576,8,16259,
0.041803184896707535,8,16269,
0.04115169122815132,8,16279,
0.04814395681023598,8,16289,
0.054059870541095734,8,16299,
0.03472164645791054,8,16309,
0.0585777647793293,8,16319,
0.05256197974085808,8,16329,
0.06066868081688881,8,16339,
0.029392680153250694,8,16349,
0.06363820284605026,8,16359,
0.03672066703438759,8,16369,
0.04548429325222969,8,16379,
0.037086304277181625,8,16389,
0.031026389449834824,8,16399,
0.037090547382831573,8,16409,
0.03968699648976326,8,16419,
0.06184164807200432,8,16429,
0.05931604653596878,8,16439,
0.0481775738298893,8,16449,
0.049609798938035965,8,16459,
0.06141506880521774,8,16469,
0.05344132333993912,8,16479,
0.06752143800258636,8,16489,
0.045679301023483276,8,16499,
0.06267672032117844,8,16509,
0.02791990153491497,8,16519,
0.03544990345835686,8,16529,
0.060836005955934525,8,16539,
0.04903104156255722,8,16549,
0.05098659545183182,8,16559,
0.03769928216934204,8,16569,
0.04496486857533455,8,16579,
0.04313807561993599,8,16589,
0.0344371534883976,8,16599,
0.03891189768910408,8,16609,
0.0414881594479084,8,16619,
0.07267176359891891,8,16629,
0.057862866669893265,8,16639,
0.04126701131463051,8,16649,
0.04624679312109947,8,16659,
0.044834963977336884,8,16669,
0.048226695507764816,8,16679,
0.04846847057342529,8,16689,
0.04943982884287834,8,16699,
0.04285191372036934,8,16709,
0.05567707121372223,8,16719,
0.0629001185297966,8,16729,
0.057210419327020645,8,16739,
0.05485882982611656,8,16749,
0.08041585981845856,8,16759,
0.04519997909665108,8,16769,
0.04167335480451584,8,16779,
0.038014162331819534,8,16789,
0.05445767194032669,8,16799,
0.03711807727813721,8,16809,
0.032922834157943726,8,16819,
0.06246329843997955,8,16829,
0.05261193588376045,8,16839,
0.05042128637433052,8,16849,
0.04455280303955078,8,16859,
0.060061872005462646,8,16869,
0.052189238369464874,8,16879,
0.03936975821852684,8,16889,
0.05052186921238899,8,16899,
0.03564882278442383,8,16909,
0.03699370101094246,8,16919,
0.04442988708615303,8,16929,
0.052029456943273544,8,16939,
0.048702359199523926,8,16949,
0.04593042656779289,8,16959,
0.06430593132972717,8,16969,
0.040172021836042404,8,16979,
0.0362837053835392,8,16989,
0.03134815767407417,8,16999,
0.04364917054772377,8,17009,
0.033018749207258224,8,17019,
0.0438777357339859,8,17029,
0.06321853399276733,8,17039,
0.08014068752527237,8,17049,
0.0466756634414196,8,17059,
0.03295893967151642,8,17069,
0.04598994553089142,8,17079,
0.07052361965179443,8,17089,
0.04741485416889191,8,17099,
0.04945000633597374,8,17109,
0.055908482521772385,8,17119,
0.045984428375959396,8,17129,
0.0547184944152832,8,17139,
0.04409022629261017,8,17149,
0.040782053023576736,8,17159,
0.052716050297021866,8,17169,
0.04519101604819298,8,17179,
0.043875377625226974,8,17189,
0.04396916925907135,8,17199,
0.07077132910490036,8,17209,
0.05752815306186676,8,17219,
0.04624878615140915,8,17229,
0.03927285224199295,8,17239,
0.057909317314624786,8,17249,
0.03879737854003906,8,17259,
0.0410330630838871,8,17269,
0.050441890954971313,8,17279,
0.03723085671663284,8,17289,
0.042949944734573364,8,17299,
0.06977373361587524,8,17309,
0.05945660546422005,8,17319,
0.04823410511016846,8,17329,
0.06433740258216858,8,17339,
0.07118022441864014,8,17349,
0.06582889705896378,8,17359,
0.04882242903113365,8,17369,
0.05491079390048981,8,17379,
0.048386041074991226,8,17389,
0.040097977966070175,8,17399,
0.05310625955462456,8,17409,
0.0575127936899662,8,17419,
0.03404906764626503,8,17429,
0.043046463280916214,8,17439,
0.06398651748895645,8,17449,
0.06413004547357559,8,17459,
0.05269075185060501,8,17469,
0.032060567289590836,8,17479,
0.04954742640256882,8,17489,
0.04664606973528862,8,17499,
0.04589845612645149,8,17509,
0.04383867233991623,8,17519,
0.04320086911320686,8,17529,
0.040257908403873444,8,17539,
0.04157048091292381,8,17549,
0.03901713341474533,8,17559,
0.046485234051942825,8,17569,
0.04465344175696373,8,17579,
0.062379904091358185,8,17589,
0.032760851085186005,8,17599,
0.053546566516160965,8,17609,
0.058579690754413605,8,17619,
0.0366620309650898,8,17629,
0.03551643714308739,8,17639,
0.043623145669698715,8,17649,
0.04762712121009827,8,17659,
0.07272595912218094,8,17669,
0.04334711283445358,8,17679,
0.04497029259800911,8,17689,
,8,17693,0.04928283765912056
0.05680263787508011,9,17699,
0.05203234776854515,9,17709,
0.03850158676505089,9,17719,
0.04131937772035599,9,17729,
0.049265868961811066,9,17739,
0.04180309176445007,9,17749,
0.04438479617238045,9,17759,
0.048010412603616714,9,17769,
0.04248586669564247,9,17779,
0.055595967918634415,9,17789,
0.05403335765004158,9,17799,
0.05981828272342682,9,17809,
0.044343844056129456,9,17819,
0.06432204693555832,9,17829,
0.0428474023938179,9,17839,
0.03778434917330742,9,17849,
0.06035053730010986,9,17859,
0.06420774757862091,9,17869,
0.033010631799697876,9,17879,
0.058021266013383865,9,17889,
0.03513583913445473,9,17899,
0.030611680820584297,9,17909,
0.054575152695178986,9,17919,
0.04256952553987503,9,17929,
0.041831810027360916,9,17939,
0.044396981596946716,9,17949,
0.045023106038570404,9,17959,
0.03843271732330322,9,17969,
0.0612214133143425,9,17979,
0.06477774679660797,9,17989,
0.04648897424340248,9,17999,
0.05467062070965767,9,18009,
0.05258610099554062,9,18019,
0.04380679503083229,9,18029,
0.047199804335832596,9,18039,
0.05223029479384422,9,18049,
0.04538225382566452,9,18059,
0.06986100226640701,9,18069,
0.030019696801900864,9,18079,
0.061950843781232834,9,18089,
0.0370352678000927,9,18099,
0.0248122476041317,9,18109,
0.047421324998140335,9,18119,
0.04943566396832466,9,18129,
0.0458245575428009,9,18139,
0.061650071293115616,9,18149,
0.04186992719769478,9,18159,
0.041664864867925644,9,18169,
0.03673788905143738,9,18179,
0.04467877745628357,9,18189,
0.0374387763440609,9,18199,
0.04927748814225197,9,18209,
0.05618920549750328,9,18219,
0.057546067982912064,9,18229,
0.06496987491846085,9,18239,
0.06235494837164879,9,18249,
0.04634353145956993,9,18259,
0.039587587118148804,9,18269,
0.035098105669021606,9,18279,
0.05514199659228325,9,18289,
0.04309484735131264,9,18299,
0.04477223753929138,9,18309,
0.04492630437016487,9,18319,
0.050320811569690704,9,18329,
0.078013576567173,9,18339,
0.04479426518082619,9,18349,
0.04931696131825447,9,18359,
0.03848171979188919,9,18369,
0.03568945452570915,9,18379,
0.06537572294473648,9,18389,
0.07478737086057663,9,18399,
0.0661492571234703,9,18409,
0.043674834072589874,9,18419,
0.035526301711797714,9,18429,
0.04933183267712593,9,18439,
0.053726330399513245,9,18449,
0.04188399761915207,9,18459,
0.058411598205566406,9,18469,
0.060611944645643234,9,18479,
0.04210209101438522,9,18489,
0.03960102051496506,9,18499,
0.05098682641983032,9,18509,
0.03633763641119003,9,18519,
0.05773262307047844,9,18529,
0.044399529695510864,9,18539,
0.038738053292036057,9,18549,
0.05565224960446358,9,18559,
0.04421329125761986,9,18569,
0.04699354246258736,9,18579,
0.0443117581307888,9,18589,
0.04958104342222214,9,18599,
0.04433077573776245,9,18609,
0.04186195880174637,9,18619,
0.03670888394117355,9,18629,
0.05108792334794998,9,18639,
0.0776362270116806,9,18649,
0.05256081745028496,9,18659,
0.05675889551639557,9,18669,
0.08985935151576996,9,18679,
0.0386597216129303,9,18689,
0.030460771173238754,9,18699,
0.04587011784315109,9,18709,
0.044736817479133606,9,18719,
0.05319656804203987,9,18729,
0.06574724614620209,9,18739,
0.03663759306073189,9,18749,
0.04146838188171387,9,18759,
0.04621461406350136,9,18769,
0.039101630449295044,9,18779,
0.04382522404193878,9,18789,
0.052361663430929184,9,18799,
0.042306091636419296,9,18809,
0.040730591863393784,9,18819,
0.036199573427438736,9,18829,
0.028125401586294174,9,18839,
0.055361922830343246,9,18849,
0.056636374443769455,9,18859,
0.03622465208172798,9,18869,
0.06140219420194626,9,18879,
0.04919498413801193,9,18889,
0.048379767686128616,9,18899,
0.05102012678980827,9,18909,
0.03666491433978081,9,18919,
0.03414302319288254,9,18929,
0.049506016075611115,9,18939,
0.0629517063498497,9,18949,
0.03478560224175453,9,18959,
0.0481925792992115,9,18969,
0.048301730304956436,9,18979,
0.049992408603429794,9,18989,
0.039885085076093674,9,18999,
0.04248474910855293,9,19009,
0.03366202861070633,9,19019,
0.06787293404340744,9,19029,
0.032563574612140656,9,19039,
0.05654170736670494,9,19049,
0.042697589844465256,9,19059,
0.033486705273389816,9,19069,
0.0463976189494133,9,19079,
0.06484822183847427,9,19089,
0.04477442055940628,9,19099,
0.06391558796167374,9,19109,
0.037476226687431335,9,19119,
0.042756643146276474,9,19129,
0.06252115219831467,9,19139,
0.048104748129844666,9,19149,
0.05996681749820709,9,19159,
0.05694785341620445,9,19169,
0.05351782217621803,9,19179,
0.07699784636497498,9,19189,
0.048690471798181534,9,19199,
0.036982689052820206,9,19209,
0.05449732393026352,9,19219,
0.050024379044771194,9,19229,
0.055770356208086014,9,19239,
0.04348853603005409,9,19249,
0.043214101344347,9,19259,
0.04204883053898811,9,19269,
0.04826373606920242,9,19279,
0.05661444738507271,9,19289,
0.052784014493227005,9,19299,
0.043855249881744385,9,19309,
0.04762633144855499,9,19319,
0.04634605348110199,9,19329,
0.049191877245903015,9,19339,
0.06281781196594238,9,19349,
0.05518077686429024,9,19359,
0.056349609047174454,9,19369,
0.06099023297429085,9,19379,
0.042647916823625565,9,19389,
0.042446572333574295,9,19399,
0.05997828021645546,9,19409,
0.058174703270196915,9,19419,
0.04745027422904968,9,19429,
0.06909330934286118,9,19439,
0.0256328247487545,9,19449,
0.04352720454335213,9,19459,
0.042242731899023056,9,19469,
0.04391179978847504,9,19479,
0.053779322654008865,9,19489,
0.05737726017832756,9,19499,
0.0337349995970726,9,19509,
0.05203313007950783,9,19519,
0.061730530112981796,9,19529,
0.04173204302787781,9,19539,
0.05452779680490494,9,19549,
0.05570735037326813,9,19559,
0.057248275727033615,9,19569,
0.050778504461050034,9,19579,
0.05364591255784035,9,19589,
0.0654565617442131,9,19599,
0.03784697502851486,9,19609,
0.0328671932220459,9,19619,
0.05028863623738289,9,19629,
0.049230337142944336,9,19639,
0.057980313897132874,9,19649,
0.05485263466835022,9,19659,
,9,19659,0.04935449734330177
