epoch,step,train_loss_epoch,train_loss_step
0,49,,0.40554964542388916
0,99,,0.3207205533981323
0,149,,0.229635089635849
0,199,,0.19833950698375702
0,249,,0.17378771305084229
0,299,,0.15341992676258087
0,349,,0.1550404131412506
0,389,0.25239402055740356,
1,399,,0.13904120028018951
1,449,,0.13708201050758362
1,499,,0.13676469027996063
1,549,,0.13237464427947998
1,599,,0.13308437168598175
1,649,,0.1287141591310501
1,699,,0.1257435381412506
1,749,,0.12494327127933502
1,779,0.13283240795135498,
2,799,,0.12388893216848373
2,849,,0.1214488223195076
2,899,,0.11545601487159729
2,949,,0.1224396675825119
2,999,,0.11598116904497147
2,1049,,0.11261068284511566
2,1099,,0.11032314598560333
2,1149,,0.1184471920132637
2,1169,0.11818373203277588,
3,1199,,0.10996753722429276
3,1249,,0.11158856004476547
3,1299,,0.1055467277765274
3,1349,,0.10816054046154022
3,1399,,0.1047593504190445
3,1449,,0.10643171519041061
3,1499,,0.11029605567455292
3,1549,,0.10629703849554062
3,1559,0.1084880605340004,
4,1599,,0.11186639219522476
4,1649,,0.10040286183357239
4,1699,,0.10791906714439392
4,1749,,0.11268074810504913
4,1799,,0.09783211350440979
4,1849,,0.10013961046934128
4,1899,,0.1130412295460701
4,1949,,0.09605339169502258
4,1949,0.10276126116514206,
5,1999,,0.10129046440124512
5,2049,,0.09798947721719742
5,2099,,0.10206697881221771
5,2149,,0.09624817222356796
5,2199,,0.09955662488937378
5,2249,,0.10864785313606262
5,2299,,0.09630149602890015
5,2339,0.09809127449989319,
6,2349,,0.09984978288412094
6,2399,,0.09237082302570343
6,2449,,0.09233884513378143
6,2499,,0.1052347794175148
6,2549,,0.0947272926568985
6,2599,,0.0913347601890564
6,2649,,0.09779677540063858
6,2699,,0.08943165093660355
6,2729,0.0943935215473175,
7,2749,,0.09267725050449371
7,2799,,0.0938539206981659
7,2849,,0.09574174880981445
7,2899,,0.09110849350690842
7,2949,,0.08854749798774719
7,2999,,0.09174922108650208
7,3049,,0.09292581677436829
7,3099,,0.096549391746521
7,3119,0.09186587482690811,
8,3149,,0.09215003997087479
8,3199,,0.09121254086494446
8,3249,,0.09914930164813995
8,3299,,0.08803936839103699
8,3349,,0.09184109419584274
8,3399,,0.09290345758199692
8,3449,,0.08963926136493683
8,3499,,0.08581811189651489
8,3509,0.08960302919149399,
9,3549,,0.08689852803945541
9,3599,,0.09516258537769318
9,3649,,0.08896026015281677
9,3699,,0.08718594908714294
9,3749,,0.08392774313688278
9,3799,,0.09036955237388611
9,3849,,0.08188652992248535
9,3899,,0.0853709727525711
9,3899,0.08740563690662384,
10,3949,,0.08763717114925385
10,3999,,0.07709984481334686
10,4049,,0.0856199860572815
10,4099,,0.0895029753446579
10,4149,,0.08567417412996292
10,4199,,0.08496984094381332
10,4249,,0.08384708315134048
10,4289,0.08570302277803421,
11,4299,,0.09567867964506149
11,4349,,0.0842222273349762
11,4399,,0.08921770751476288
11,4449,,0.07879221439361572
11,4499,,0.08134990185499191
11,4549,,0.08265227824449539
11,4599,,0.08147788047790527
11,4649,,0.08325198292732239
11,4679,0.08385127037763596,
12,4699,,0.08157580345869064
12,4749,,0.08282822370529175
12,4799,,0.08048708736896515
12,4849,,0.08062960207462311
12,4899,,0.07761142402887344
12,4949,,0.08022554218769073
12,4999,,0.08140476047992706
12,5049,,0.0806720033288002
12,5069,0.08209450542926788,
13,5099,,0.08052171766757965
13,5149,,0.08342057466506958
13,5199,,0.07984314113855362
13,5249,,0.07655879855155945
13,5299,,0.08417441695928574
13,5349,,0.07564540952444077
13,5399,,0.07843716442584991
13,5449,,0.08578446507453918
13,5459,0.08096321672201157,
14,5499,,0.08336170017719269
14,5549,,0.0739045962691307
14,5599,,0.0839865580201149
14,5649,,0.07590602338314056
14,5699,,0.08014771342277527
14,5749,,0.07466655969619751
14,5799,,0.07819940149784088
14,5849,,0.07631468772888184
14,5849,0.0799950659275055,
15,5899,,0.07876843214035034
15,5949,,0.08071763813495636
15,5999,,0.0807926207780838
15,6049,,0.07808241248130798
15,6099,,0.0805673897266388
15,6149,,0.07700715214014053
15,6199,,0.07591889798641205
15,6239,0.07875863462686539,
16,6249,,0.07623377442359924
16,6299,,0.07834408432245255
16,6349,,0.08403724431991577
16,6399,,0.07521666586399078
16,6449,,0.07983346283435822
16,6499,,0.07419773936271667
16,6549,,0.07177971303462982
16,6599,,0.08079890161752701
16,6629,0.07838336378335953,
17,6649,,0.0760439857840538
17,6699,,0.07956766337156296
17,6749,,0.0776563510298729
17,6799,,0.07924320548772812
17,6849,,0.0743877962231636
17,6899,,0.08079851418733597
17,6949,,0.07626650482416153
17,6999,,0.07474870979785919
17,7019,0.07703883945941925,
18,7049,,0.07818610221147537
18,7099,,0.07476472109556198
18,7149,,0.07737627625465393
18,7199,,0.07592976838350296
18,7249,,0.07431909441947937
18,7299,,0.08278141915798187
18,7349,,0.07424435764551163
18,7399,,0.07424188405275345
18,7409,0.07627633213996887,
19,7449,,0.07063887268304825
19,7499,,0.07741343230009079
19,7549,,0.0758720263838768
19,7599,,0.07144806534051895
19,7649,,0.07620913535356522
19,7699,,0.07896558195352554
19,7749,,0.0788378193974495
19,7799,,0.07491806149482727
19,7799,0.07540547102689743,
20,7849,,0.0755663514137268
20,7899,,0.07806804776191711
20,7949,,0.07845635712146759
20,7999,,0.07164809107780457
20,8049,,0.07167857885360718
20,8099,,0.07661937177181244
20,8149,,0.07314535975456238
20,8189,0.07485455274581909,
21,8199,,0.0717487707734108
21,8249,,0.07656168192625046
21,8299,,0.08255575597286224
21,8349,,0.07568972557783127
21,8399,,0.07146838307380676
21,8449,,0.07270195335149765
21,8499,,0.07356604933738708
21,8549,,0.08000703901052475
21,8579,0.07452696561813354,
22,8599,,0.07343372702598572
22,8649,,0.0711379125714302
22,8699,,0.0726698562502861
22,8749,,0.07421163469552994
22,8799,,0.06963391602039337
22,8849,,0.07181893289089203
22,8899,,0.07132016122341156
22,8949,,0.07507703453302383
22,8969,0.07379450649023056,
23,8999,,0.07128654420375824
23,9049,,0.07720610499382019
23,9099,,0.0756646990776062
23,9149,,0.0698988288640976
23,9199,,0.06934764981269836
23,9249,,0.0729612186551094
23,9299,,0.07573184370994568
23,9349,,0.07108943909406662
23,9359,0.07338793575763702,
24,9399,,0.07073894143104553
24,9449,,0.07466147840023041
24,9499,,0.07313145697116852
24,9549,,0.07112366706132889
24,9599,,0.07275193929672241
24,9649,,0.07170229405164719
24,9699,,0.07220681011676788
24,9749,,0.07452021539211273
24,9749,0.0729462280869484,
25,9799,,0.07149975001811981
25,9849,,0.0727446898818016
25,9899,,0.07507681846618652
25,9949,,0.07001639157533646
25,9999,,0.07542113959789276
25,10049,,0.07794198393821716
25,10099,,0.07486474514007568
25,10139,0.07280553877353668,
26,10149,,0.07090184837579727
26,10199,,0.07462871819734573
26,10249,,0.0732288807630539
26,10299,,0.07771064341068268
26,10349,,0.06916855275630951
26,10399,,0.0761374682188034
26,10449,,0.06929861754179001
26,10499,,0.07585358619689941
26,10529,0.07253597676753998,
27,10549,,0.07604286074638367
27,10599,,0.06980785727500916
27,10649,,0.07093752920627594
27,10699,,0.0731906071305275
27,10749,,0.07135896384716034
27,10799,,0.07199960947036743
27,10849,,0.08065452426671982
27,10899,,0.07178191840648651
27,10919,0.07238428294658661,
28,10949,,0.07136734575033188
28,10999,,0.06842847168445587
28,11049,,0.0718703344464302
28,11099,,0.07109302282333374
28,11149,,0.07124695181846619
28,11199,,0.07126694917678833
28,11249,,0.07142277806997299
28,11299,,0.07262702286243439
28,11309,0.07230328768491745,
29,11349,,0.07756902277469635
29,11399,,0.08008897304534912
29,11449,,0.07009219378232956
29,11499,,0.07345597445964813
29,11549,,0.07407616078853607
29,11599,,0.07344961166381836
29,11649,,0.07475457340478897
29,11699,,0.07398058474063873
29,11699,0.07212460041046143,
